customer_id,name,total_spent
2005,Michael Brown,249.95000000000002
2003,Bob Johnson,169.96
2004,Alice Williams,99.96
2001,John Doe,99.94
2002,Jane Smith,59.980000000000004
